nID;nID_DictionaryType;nID_DictionaryClass;sKey;sValue
1;2;NULL;1;Цінний папір
2;2;NULL;2;Похідний цінний папір
3;2;NULL;3;Дериватив
4;2;NULL;4;Інструмент грошового обігу
5;2;NULL;5;Товаророзпорядчий фінансовий інструмент
6;3;NULL;0;Не визначено
7;3;NULL;1;Бездокументарні іменні
8;3;NULL;2;Документарні іменні
9;3;NULL;3;Документарні на пред'явника
10;3;NULL;4;Документарні ордерні
11;3;NULL;5;Бездокументарні ордерні
12;4;NULL;1;Пайові
13;4;NULL;2;Боргові
14;4;NULL;3;Іпотечні
15;4;NULL;4;Товаророзпорядчі
16;4;NULL;5;Приватизаційні
17;4;NULL;6;Похідні
18;5;NULL;1;Базовий актив - цінні папери
19;5;NULL;2;Базовий актив - валюта (валютні цінності)
20;5;NULL;3;Базовий актив - деривативи
21;5;NULL;4;Базовий актив - біржовий фондовий індекс
22;5;NULL;5;Базовий актив - відсоткова ставка
23;5;NULL;6;Базовий актив - товари
24;5;NULL;7;Інші
25;6;NULL;100;Акція проста[1 0]
26;6;NULL;101;Акція привілейована
27;6;NULL;105;Акція корпоративного інвестиційного фонду
28;6;NULL;110;Інвестиційний сертифікат
29;6;NULL;120;Сертифікат фонду операцій з нерухомістю (сертифікат ФОН)
30;6;NULL;200;Облігація підприємства відсоткова*
31;6;NULL;210;Облігація підприємства дисконтна
32;6;NULL;220;Облігація підприємства цільова
33;6;NULL;231;Облігація внутрішніх місцевих позик відсоткова*
34;6;NULL;232;Облігація внутрішніх місцевих позик дисконтна
35;6;NULL;234;Облігація внутрішніх місцевих позик цільова
36;6;NULL;235;Облігація зовнішніх місцевих позик відсоткова*
37;6;NULL;236;Облігація зовнішніх місцевих позик дисконтна
38;6;NULL;237;Облігація зовнішніх місцевих позик цільова
39;6;NULL;240;Облігація внутрішніх державних позик України довгострокова відсоткова*
40;6;NULL;241;Облігація внутрішніх державних позик України довгострокова дисконтна*
41;6;NULL;242;Облігація внутрішніх державних позик України довгострокова відсоткова з достроковим погашенням
42;6;NULL;243;Облігація внутрішніх державних позик України довгострокова амортизаційна
43;6;NULL;244;Облігація внутрішніх державних позик України середньострокова відсоткова*
44;6;NULL;245;Облігація внутрішніх державних позик України середньострокова дисконтна
45;6;NULL;246;Облігація внутрішніх державних позик України короткострокова відсоткова*
46;6;NULL;247;Облігація внутрішніх державних позик України короткострокова дисконтна
47;6;NULL;248;Облігація внутрішніх державних позик України середньострокова з індексованою вартістю
48;6;NULL;249;Облігація внутрішніх державних позик України довгострокова з індексованою вартістю
49;6;NULL;250;Цільова облігація внутрішніх державних позик України довгострокова відсоткова*
50;6;NULL;251;Цільова облігація внутрішніх державних позик України довгострокова дисконтна
51;6;NULL;252;Цільова облігація внутрішніх державних позик України середньострокова відсоткова*
52;6;NULL;253;Цільова облігація внутрішніх державних позик середньострокова дисконтна
53;6;NULL;254;Цільова облігація внутрішніх державних позик України короткострокова відсоткова*
54;6;NULL;255;Цільова облігація внутрішніх державних позик України короткострокова дисконтна
55;6;NULL;256;Облігація внутрішніх державних позик України середньострокова з достроковим погашенням
56;6;NULL;257;Облігація внутрішніх державних позик України середньострокова амортизаційна
57;6;NULL;258;Облігація внутрішніх державних позик України середньострокова для відшкодування сум податку на додану вартість
58;6;NULL;260;Облігація зовнішніх державних позик України довгострокова відсоткова*
59;6;NULL;261;Облігація зовнішніх державних позик України довгострокова дисконтна
60;6;NULL;262;Облігація зовнішніх державних позик України середньострокова відсоткова*
61;6;NULL;263;Облігація зовнішніх державних позик України середньострокова дисконтна
62;6;NULL;264;Облігація зовнішніх державних позик короткострокова відсоткова*
63;6;NULL;265;Облігація зовнішніх державних позик України короткострокова дисконтна
64;6;NULL;270;Облігація міжнародної фінансової організації відсоткова
65;6;NULL;271;Облігація міжнародної фінансової організації дисконтна
66;6;NULL;280;Облігація Фонду гарантування вкладів фізичних осіб довгострокова
67;6;NULL;281;Облігація Фонду гарантування вкладів фізичних осіб середньострокова
68;6;NULL;282;Облігація Фонду гарантування вкладів фізичних осіб короткострокова
69;6;NULL;290;Державний дериватив
70;6;NULL;300;Казначейське зобов'язання України довгострокове
71;6;NULL;301;Казначейське зобов'язання України середньострокове
72;6;NULL;302;Казначейське зобов'язання України короткострокове
73;6;NULL;400;Ощадний (депозитний) сертифікат
74;6;NULL;500;Вексель простий
75;6;NULL;501;Вексель фінансовий казначейський простий
76;6;NULL;502;Вексель фінансовий банківський простий
77;6;NULL;505;Вексель переказний
78;6;NULL;506;Вексель фінансовий казначейський переказний
79;6;NULL;507;Вексель фінансовий банківський переказний
80;6;NULL;600;Заставна
81;6;NULL;610;Іпотечна облігація звичайна
82;6;NULL;611;Іпотечна облігація структурована
83;6;NULL;620;Іпотечний сертифікат із фіксованою дохідністю
84;6;NULL;621;Іпотечний сертифікат участі
85;6;NULL;710;Опціонний сертифікат на купівлю з поставкою базового активу
86;6;NULL;711;Опціонний сертифікат на купівлю без поставки базового активу
87;6;NULL;720;Опціонний сертифікат на продаж з поставкою базового активу
88;6;NULL;721;Опціонний сертифікат на продаж без поставки базового активу
89;6;NULL;810;Опціон на купівлю з поставкою базового активу
90;6;NULL;811;Опціон на купівлю без поставки базового активу
91;6;NULL;820;Опціон на продаж з поставкою базового активу
92;6;NULL;821;Опціон на продаж без поставки базового активу
93;6;NULL;830;Ф’ючерсний контракт з поставкою базового активу
94;6;NULL;835;Ф’ючерсний контракт без поставки базового активу
95;6;NULL;840;Форвардний контракт
96;6;NULL;850;Своповий контракт (своп)
97;6;NULL;900;Просте складське свідоцтво
98;6;NULL;901;Подвійне складське свідоцтво
99;7;NULL;1110100;Акція проста бездокументарна іменна
100;7;NULL;1210100;Акція проста документарна іменна
101;7;NULL;1310100;Акція проста документарна на пред'явника
102;7;NULL;1110101;Акція привілейована бездокументарна іменна
103;7;NULL;1210101;Акція привілейована документарна іменна
104;7;NULL;1310101;Акція привілейована документарна на пред'явника
105;7;NULL;1110105;Акція корпоративного інвестиційного фонду проста бездокументарна іменна
106;7;NULL;1110110;Інвестиційний сертифікат бездокументарний іменний
107;7;NULL;1210110;Інвестиційний сертифікат документарний іменний
108;7;NULL;1310110;Інвестиційний сертифікат документарний на пред'явника
109;7;NULL;1110120;Сертифікат фонду операцій з нерухомістю (ФОН) бездокументарний іменний
110;7;NULL;1210120;Сертифікат ФОН документарний іменний
111;7;NULL;1310120;Сертифікат ФОН документарний на пред'явника
112;7;NULL;1120200;Облігація підприємства відсоткова бездокументарна іменна
113;7;NULL;1220200;Облігація підприємства відсоткова документарна іменна
114;7;NULL;1320200;Облігація підприємства відсоткова документарна на пред'явника
115;7;NULL;1120210;Облігація підприємства дисконтна бездокументарна іменна
116;7;NULL;1220210;Облігація підприємства дисконтна документарна іменна
117;7;NULL;1320210;Облігація підприємства дисконтна документарна на пред'явника
118;7;NULL;1120220;Облігація підприємства цільова бездокументарна іменна
119;7;NULL;1220220;Облігація підприємства цільова документарна іменна
120;7;NULL;1320220;Облігація підприємства цільова документарна на пред'явника
121;7;NULL;1120231;Облігація внутрішніх місцевих позик відсоткова бездокументарна іменна
122;7;NULL;1220231;Облігація внутрішніх місцевих позик відсоткова документарна іменна
123;7;NULL;1320231;Облігація внутрішніх місцевих позик відсоткова документарна на пред'явника
124;7;NULL;1120232;Облігація внутрішніх місцевих позик дисконтна бездокументарна іменна
125;7;NULL;1220232;Облігація внутрішніх місцевих позик дисконтна документарна іменна
126;7;NULL;1320232;Облігація внутрішніх місцевих позик дисконтна документарна на пред'явника
127;7;NULL;1120234;Облігація внутрішніх місцевих позик цільова бездокументарна іменна
128;7;NULL;1220234;Облігація внутрішніх місцевих позик цільова документарна іменна
129;7;NULL;1320234;Облігація внутрішніх місцевих позик цільова документарна на пред'явника
130;7;NULL;1120235;Облігація зовнішніх місцевих позик відсоткова бездокументарна іменна
131;7;NULL;1220235;Облігація зовнішніх місцевих позик відсоткова документарна іменна
132;7;NULL;1320235;Облігація зовнішніх місцевих позик відсоткова документарна на пред'явника
133;7;NULL;1120236;Облігація зовнішніх місцевих позик дисконтна бездокументарна іменна
134;7;NULL;1220236;Облігація зовнішніх місцевих позик дисконтна документарна іменна
135;7;NULL;1320236;Облігація зовнішніх місцевих позик дисконтна документарна на пред'явника
136;7;NULL;1120237;Облігація зовнішніх місцевих позик цільова бездокументарна іменна
137;7;NULL;1220237;Облігація зовнішніх місцевих позик цільова документарна іменна
138;7;NULL;1320237;Облігація зовнішніх місцевих позик цільова документарна на пред'явника
139;7;NULL;1120240;Облігація внутрішніх державних позик України довгострокова відсоткова бездокументарна іменна
140;7;NULL;1220240;Облігація внутрішніх державних позик України довгострокова відсоткова документарна іменна
141;7;NULL;1320240;Облігація внутрішніх державних позик України довгострокова відсоткова документарна на пред’явника
142;7;NULL;1120241;Облігація внутрішніх державних позик України довгострокова дисконтна бездокументарна іменна
143;7;NULL;1220241;Облігація внутрішніх державних позик України довгострокова дисконтна документарна іменна
144;7;NULL;1320241;Облігація внутрішніх державних позик України довгострокова дисконтна документарна на пред'явника
145;7;NULL;1120242;Облігація внутрішніх державних позик України довгострокова відсоткова з достроковим погашенням бездокументарна іменна
146;7;NULL;1120243;Облігація внутрішніх державних позик України довгострокова амортизаційна бездокументарна іменна
147;7;NULL;1120244;Облігація внутрішніх державних позик України середньострокова відсоткова бездокументарна іменна
148;7;NULL;1220244;Облігація внутрішніх державних позик України середньострокова відсоткова документарна іменна
149;7;NULL;1320244;Облігація внутрішніх державних позик України середньострокова відсоткова документарна на пред'явника
150;7;NULL;1120245;Облігація внутрішніх державних позик України середньострокова дисконтна бездокументарна іменна
151;7;NULL;1220245;Облігація внутрішніх державних позик України середньострокова дисконтна документарна іменна
152;7;NULL;1320245;Облігація внутрішніх державних позик України середньострокова дисконтна документарна на пред'явника
153;7;NULL;1120246;Облігація внутрішніх державних позик України короткострокова відсоткова бездокументарна іменна
154;7;NULL;1220246;Облігація внутрішніх державних позик України короткострокова відсоткова документарна іменна
155;7;NULL;1320246;Облігація внутрішніх державних позик України короткострокова відсоткова документарна на пред'явника
156;7;NULL;1120247;Облігація внутрішніх державних позик України короткострокова дисконтна бездокументарна іменна
157;7;NULL;1220247;Облігація внутрішніх державних позик України короткострокова дисконтна документарна іменна
158;7;NULL;1320247;Облігація внутрішніх державних позик України короткострокова дисконтна документарна на пред'явника
159;7;NULL;1120248;Облігація внутрішніх державних позик України середньострокова з індексованою вартістю бездокументарна іменна
160;7;NULL;1120249;Облігація внутрішніх державних позик України довгострокова з індексованою вартістю бездокументарна іменна
161;7;NULL;1120250;Цільова облігація внутрішніх державних позик України довгострокова відсоткова бездокументарна іменна
162;7;NULL;1220250;Цільова облігація внутрішніх державних позик України довгострокова відсоткова документарна іменна
163;7;NULL;1320250;Цільова облігація внутрішніх державних позик України довгострокова відсоткова документарна на пред'явника
164;7;NULL;1120251;Цільова облігація внутрішніх державних позик України довгострокова дисконтна бездокументарна іменна
165;7;NULL;1220251;Цільова облігація внутрішніх державних позик України довгострокова дисконтна документарна іменна
166;7;NULL;1320251;Цільова облігація внутрішніх державних позик України довгострокова дисконтна документарна на пред'явника
167;7;NULL;1120252;Цільова облігація внутрішніх державних позик України середньострокова відсоткова бездокументарна іменна
168;7;NULL;1220252;Цільова облігація внутрішніх державних позик України середньострокова відсоткова документарна іменна
169;7;NULL;1320252;Цільова облігація внутрішніх державних позик України середньострокова відсоткова документарна на пред'явника
170;7;NULL;1120253;Цільова облігація внутрішніх державних позик України середньострокова дисконтна бездокументарна іменна
171;7;NULL;1220253;Цільова облігація внутрішніх державних позик України середньострокова дисконтна документарна іменна
172;7;NULL;1320253;Цільова облігація внутрішніх державних позик України середньострокова дисконтна документарна на пред'явника
173;7;NULL;1120254;Цільова облігація внутрішніх державних позик України короткострокова відсоткова бездокументарна іменна
174;7;NULL;1220254;Цільова облігація внутрішніх державних позик України короткострокова відсоткова документарна іменна
175;7;NULL;1320254;Цільова облігація внутрішніх державних позик України короткострокова відсоткова документарна на пред'явника
176;7;NULL;1120255;Цільова облігація внутрішніх державних позик України короткострокова дисконтна бездокументарна іменна
177;7;NULL;1220255;Цільова облігація внутрішніх державних позик України короткострокова дисконтна документарна іменна
178;7;NULL;1320255;Цільова облігація внутрішніх державних позик України короткострокова дисконтна документарна на пред'явника
179;7;NULL;1120256;Облігація внутрішніх державних позик України середньострокова з достроковим погашенням бездокументарна іменна
180;7;NULL;1120257;Облігація внутрішніх державних позик України середньострокова амортизаційна бездокументарна іменна
181;7;NULL;1120258;Облігація внутрішніх державних позик України середньострокова для відшкодування сум податку на додану вартість бездокументарна іменна
182;7;NULL;1120260;Облігація зовнішніх державних позик України довгострокова відсоткова бездокументарна іменна
183;7;NULL;1220260;Облігація зовнішніх державних позик України довгострокова відсоткова документарна іменна
184;7;NULL;1320260;Облігація зовнішніх державних позик України довгострокова відсоткова документарна на пред'явника
185;7;NULL;1120261;Облігація зовнішніх державних позик України довгострокова дисконтна бездокументарна іменна
186;7;NULL;1220261;Облігація зовнішніх державних позик України довгострокова дисконтна документарна іменна
187;7;NULL;1320261;Облігація зовнішніх державних позик України довгострокова дисконтна документарна на пред'явника
188;7;NULL;1120262;Облігація зовнішніх державних позик України середньострокова відсоткова бездокументарна іменна
189;7;NULL;1220262;Облігація зовнішніх державних позик України середньострокова відсоткова документарна іменна
190;7;NULL;1320262;Облігація зовнішніх державних позик України середньострокова відсоткова документарна на пред'явника
191;7;NULL;1120263;Облігація зовнішніх державних позик України середньострокова дисконтна бездокументарна іменна
192;7;NULL;1220263;Облігація зовнішніх державних позик України середньострокова дисконтна документарна іменна
193;7;NULL;1320263;Облігація зовнішніх державних позик України середньострокова дисконтна документарна на пред'явника
194;7;NULL;1120264;Облігація зовнішніх державних позик України короткострокова відсоткова бездокументарна іменна
195;7;NULL;1220264;Облігація зовнішніх державних позик України короткострокова відсоткова документарна іменна
196;7;NULL;1320264;Облігація зовнішніх державних позик України короткострокова відсоткова документарна на пред'явника
197;7;NULL;1120265;Облігація зовнішніх державних позик України короткострокова дисконтна бездокументарна іменна
198;7;NULL;1220265;Облігація зовнішніх державних позик України короткострокова дисконтна документарна іменна
199;7;NULL;1320265;Облігація зовнішніх державних позик України короткострокова дисконтна документарна на пред'явника
200;7;NULL;1120270;Облігація міжнародної фінансової організації відсоткова бездокументарна іменна
201;7;NULL;1120271;Облігація міжнародної фінансової організації дисконтна бездокументарна іменна
202;7;NULL;1120280;Облігація Фонду гарантування вкладів фізичних осіб довгострокова бездокументарна іменна
203;7;NULL;1120281;Облігація Фонду гарантування вкладів фізичних осіб середньострокова бездокументарна іменна
204;7;NULL;1120282;Облігація Фонду гарантування вкладів фізичних осіб короткострокова бездокументарна іменна
205;7;NULL;1160290;Державний дериватив бездокументарний іменний
206;7;NULL;1120300;Казначейське зобов'язання України довгострокове бездокументарне іменне
207;7;NULL;1220300;Казначейське зобов'язання України довгострокове документарне іменне
208;7;NULL;1320300;Казначейське зобов'язання України довгострокове документарне на пред'явника
209;7;NULL;1120301;Казначейське зобов'язання України середньострокове бездокументарне іменне
210;7;NULL;1220301;Казначейське зобов'язання України середньострокове документарне іменне
211;7;NULL;1320301;Казначейське зобов'язання України середньострокове документарне на пред'явника
212;7;NULL;1120302;Казначейське зобов'язання України короткострокове бездокументарне іменне
213;7;NULL;1220302;Казначейське зобов'язання України короткострокове документарне іменне
214;7;NULL;1320302;Казначейське зобов'язання України короткострокове документарне на пред'явника
215;7;NULL;1220400;Ощадний (депозитний) сертифікат документарний іменний
216;7;NULL;1320400;Ощадний (депозитний) сертифікат документарний на пред'явника
217;7;NULL;1420500;Вексель простий документарний ордерний
218;7;NULL;1520501;Вексель фінансовий казначейський бездокументарний простий
219;7;NULL;1520502;Вексель фінансовий банківський бездокументарний простий
220;7;NULL;1420505;Вексель переказний документарний ордерний
221;7;NULL;1520506;Вексель фінансовий казначейський бездокументарний переказний
222;7;NULL;1520507;Вексель фінансовий банківський бездокументарний переказний
223;7;NULL;1230600;Заставна
224;7;NULL;1130610;Іпотечна облігація звичайна бездокументарна іменна
225;7;NULL;1130611;Іпотечна облігація структурована бездокументарна іменна
226;7;NULL;1130620;Іпотечний сертифікат із фіксованою дохідністю бездокументарний іменний
227;7;NULL;1230620;Іпотечний сертифікат із фіксованою дохідністю документарний іменний
228;7;NULL;1330620;Іпотечний сертифікат із фіксованою дохідністю документарний на пред'явника
229;7;NULL;1130621;Іпотечний сертифікат участі бездокументарний іменний
230;7;NULL;1230621;Іпотечний сертифікат участі документарний іменний
231;7;NULL;1330621;Іпотечний сертифікат участі документарний на пред'явника
232;7;NULL;2110710;Опціонний сертифікат на купівлю з поставкою базового активу (цінних паперів) бездокументарний іменний
233;7;NULL;2120710;Опціонний сертифікат на купівлю з поставкою базового активу (валюти) бездокументарний іменний
234;7;NULL;2160710;Опціонний сертифікат на купівлю з поставкою базового активу (товару) бездокументарний іменний
235;7;NULL;2210710;Опціонний сертифікат на купівлю з поставкою базового активу (цінних паперів) документарний іменний
236;7;NULL;2220710;Опціонний сертифікат на купівлю з поставкою базового активу (валюти) документарний іменний
237;7;NULL;2260710;Опціонний сертифікат на купівлю з поставкою базового активу (товару) документарний іменний
238;7;NULL;2110711;Опціонний сертифікат на купівлю без поставки базового активу (цінних паперів) бездокументарний іменний
239;7;NULL;2120711;Опціонний сертифікат на купівлю без поставки базового активу (валюти) бездокументарний іменний
240;7;NULL;2160711;Опціонний сертифікат на купівлю без поставки базового активу (товару) бездокументарний іменний
241;7;NULL;2210711;Опціонний сертифікат на купівлю без поставки базового активу (цінних паперів) документарний іменний
242;7;NULL;2220711;Опціонний сертифікат на купівлю без поставки базового активу (валюти) документарний іменний
243;7;NULL;2260711;Опціонний сертифікат на купівлю без поставки базового активу (товару) документарний іменний
244;7;NULL;2110720;Опціонний сертифікат на продаж з поставкою базового активу (цінних паперів) бездокументарний іменний
245;7;NULL;2120720;Опціонний сертифікат на продаж з поставкою базового активу (валюти) бездокументарний іменний
246;7;NULL;2160720;Опціонний сертифікат на продаж з поставкою базового активу (товару) бездокументарний іменний
247;7;NULL;2210720;Опціонний сертифікат на продаж з поставкою базового активу (цінних паперів) документарний іменний
248;7;NULL;2220720;Опціонний сертифікат на продаж з поставкою базового активу (валюти) документарний іменний
249;7;NULL;2260720;Опціонний сертифікат на продаж з поставкою базового активу (товару) документарний іменний
250;7;NULL;2110721;Опціонний сертифікат на продаж без поставки базового активу (цінних паперів) бездокументарний іменний
251;7;NULL;2120721;Опціонний сертифікат на продаж без поставки базового активу (валюти) бездокументарний іменний
252;7;NULL;2160721;Опціонний сертифікат на продаж без поставки базового активу (товару) бездокументарний іменний
253;7;NULL;2210721;Опціонний сертифікат на продаж без поставки базового активу (цінних паперів) документарний іменний
254;7;NULL;2220721;Опціонний сертифікат на продаж без поставки базового активу (валюти) документарний іменний
255;7;NULL;2260721;Опціонний сертифікат на продаж без поставки базового активу (товару) документарний іменний
256;7;NULL;3010810;Опціон на купівлю з поставкою базового активу (цінних паперів)
257;7;NULL;3020810;Опціон на купівлю з поставкою базового активу (валюти)
258;7;NULL;3030810;Опціон на купівлю з поставкою базового активу (деривативів)
259;7;NULL;3060810;Опціон на купівлю з поставкою базового активу (товару)
260;7;NULL;3010811;Опціон на купівлю без поставки базового активу (цінних паперів)
261;7;NULL;3020811;Опціон на купівлю без поставки базового активу (валюти)
262;7;NULL;3030811;Опціон на купівлю без поставки базового активу (деривативів)
263;7;NULL;3060811;Опціон на купівлю без поставки базового активу (товару)
264;7;NULL;3010820;Опціон на продаж з поставкою базового активу (цінних паперів)
265;7;NULL;3020820;Опціон на продаж з поставкою базового активу (валюти)
266;7;NULL;3030820;Опціон на продаж з поставкою базового активу (деривативів)
267;7;NULL;3060820;Опціон на продаж з поставкою базового активу (товару)
268;7;NULL;3010821;Опціон на продаж без поставки базового активу (цінних паперів)
269;7;NULL;3020821;Опціон на продаж без поставки базового активу (валюти)
270;7;NULL;3030821;Опціон на продаж без поставки базового активу (деривативів)
271;7;NULL;3060821;Опціон на продаж без поставки базового активу (товару)
272;7;NULL;3010830;Ф’ючерсний контракт з поставкою базового активу (цінних паперів)
273;7;NULL;3020830;Ф’ючерсний контракт з поставкою базового активу (валюти)
274;7;NULL;3030830;Ф’ючерсний контракт з поставкою базового активу (деривативів)
275;7;NULL;3060830;Ф’ючерсний контракт з поставкою базового активу (товару)
276;7;NULL;3010835;Ф’ючерсний контракт без поставки базового активу (цінних паперів)
277;7;NULL;3020835;Ф’ючерсний контракт без поставки базового активу (валюти)
278;7;NULL;3030835;Ф’ючерсний контракт без поставки базового активу (деривативів)
279;7;NULL;3040835;Ф’ючерсний контракт без поставки базового активу (фондового індексу)
280;7;NULL;3050835;Ф’ючерсний контракт без поставки базового активу (процентної ставки)
281;7;NULL;3060835;Ф’ючерсний контракт без поставки базового активу (товару)
282;7;NULL;3010840;Форвардний контракт з поставкою базового активу (цінних паперів)
283;7;NULL;3020840;Форвардний контракт з поставкою базового активу (валюти)
284;7;NULL;3060840;Форвардний контракт з поставкою базового активу (товару)
285;7;NULL;3010850;Своп з поставкою базового активу (цінних паперів)
286;7;NULL;3020850;Своп з поставкою базового активу (валюти)
287;7;NULL;3060850;Своп з поставкою базового активу (товару)
288;7;NULL;3010855;Своп без поставки базового активу (цінних паперів)
289;7;NULL;3020855;Своп без поставки базового активу (валюти)
290;7;NULL;3060855;Своп без поставки базового активу (товару)
291;7;NULL;5260900;Просте складське свідоцтво
292;7;NULL;5360901;Подвійне складське свідоцтво
293;8;NULL;1;Первинний
294;8;NULL;2;Вторинний
295;9;NULL;001;Ринок РЕПО
296;9;NULL;002;Строковий ринок
297;9;NULL;003;Спотовий ринок
298;9;NULL;004;Маржинальна торгівля
299;9;NULL;005;Ринок приватизації
300;9;NULL;006;Ринок цінних паперів, на які звернено стягнення
301;9;NULL;007;Інший (зазначити)
302;10;NULL;110;Злиття
303;10;NULL;111;Злиття у справі про банкрутство
304;10;NULL;120;Приєднання
305;10;NULL;121;Приєднання у справі про банкрутство
306;10;NULL;130;Поділ
307;10;NULL;131;Поділ у справі про банкрутство
308;10;NULL;140;Перетворення
309;10;NULL;141;Перетворення у справі про банкрутство
310;10;NULL;200;Ліквідація
311;10;NULL;201;Ліквідація у зв’язку з визнанням банкрутом
312;11;NULL;01;Керівник
313;11;NULL;02;Заступник керівника
314;11;NULL;03;Головний бухгалтер
315;11;NULL;04;Бухгалтер
316;11;NULL;05;Керівник спеціалізованого підрозділу
317;11;NULL;06;Заступник керівника спеціалізованого підрозділу
318;11;NULL;07;Керівник відокремленого підрозділу
319;11;NULL;08;Заступник керівника відокремленого підрозділу
320;11;NULL;09;Фахівець
321;11;NULL;10;Голова Наглядової ради
322;11;NULL;11;Член Наглядової ради
323;11;NULL;12;Голова Правління
324;11;NULL;13;Т.в.о. Голови Правління
325;11;NULL;14;Перший заступник Голови Правління
326;11;NULL;15;Заступник Голови Правління
327;11;NULL;16;Член Правління
328;11;NULL;17;Директор
329;11;NULL;18;Генеральний директор
330;11;NULL;19;Т.в.о. директора
331;11;NULL;20;Голова Ревізійної комісії
332;11;NULL;21;Член Ревізійної комісії
333;11;NULL;22;Ревізор
334;11;NULL;23;Фінансовий директор
335;11;NULL;24;Інше
336;12;NULL;01;Діяльність з торгівлі цінними паперами
337;12;NULL;02;Діяльність з управління активами інституційних інвесторів
338;12;NULL;03;Депозитарна діяльність
339;12;NULL;04;Діяльність з організації торгівлі на фондовому ринку
340;12;NULL;05;Діяльність з управління іпотечним покриттям
341;12;NULL;06;Клірингова діяльність
342;13;NULL;01;Брокерська діяльність[1 0]
343;13;NULL;02;Дилерська діяльність
344;13;NULL;03;Андеррайтинг
345;13;NULL;04;Діяльність з управління цінними паперами
346;14;NULL;06;Депозитарна діяльність депозитарної установи
347;14;NULL;07;Діяльність із зберігання активів пенсійних фондів
348;14;NULL;08;Депозитарна діяльність Центрального депозитарію
349;14;NULL;09;Діяльність із зберігання активів інститутів спільного інвестування
350;14;NULL;10;Депозитарна діяльність Національного банку України
351;15;NULL;0001;Договір купівлі/продажу (продаж)
352;15;NULL;0002;Договір купівлі/продажу (купівля)
353;15;NULL;0003;Договір купівлі/продажу (міна-продаж)
354;15;NULL;0004;Договір купівлі/продажу (міна-купівля)
355;15;NULL;0007;Договір позики (надання)
356;15;NULL;0008;Договір позики (отримання)
357;15;NULL;1001;Договір комісії (продаж)
358;15;NULL;1002;Договір комісії (купівля)
359;15;NULL;1003;Договір комісії (міна-продаж)
360;15;NULL;1004;Договір комісії (міна-купівля)
361;15;NULL;1005;Договір субкомісії (продаж)
362;15;NULL;1006;Договір субкомісії (купівля)
363;15;NULL;1007;Договір комісії (позика/надання)
364;15;NULL;1008;Договір комісії (позика/отримання)
365;15;NULL;1009;Договір субкомісії (позика/надання)
366;15;NULL;1010;Договір субкомісії (позика/отримання)
367;15;NULL;1011;Договір на виконання договору комісії (продаж)
368;15;NULL;1012;Договір на виконання договору комісії (купівля)
369;15;NULL;1013;Договір на виконання договору комісії (міна-продаж)
370;15;NULL;1014;Договір на виконання договору комісії (міна-купівля)
371;15;NULL;1015;Договір на виконання договору субкомісії (продаж)
372;15;NULL;1016;Договір на виконання договору субкомісії (купівля)
373;15;NULL;1017;Договір на виконання договору комісії (позика/надання)
374;15;NULL;1018;Договір на виконання договору комісії (позика/отримання)
375;15;NULL;1019;Договір на виконання договору субкомісії (позика/надання)
376;15;NULL;1020;Договір на виконання договору субкомісії (позика/отримання)
377;15;NULL;1021;Договір на виконання (укладений іншим торговцем)
378;15;NULL;2001;Договір доручення (продаж)
379;15;NULL;2002;Договір доручення (купівля)
380;15;NULL;2003;Договір доручення (міна-продаж)
381;15;NULL;2004;Договір доручення (міна-купівля)
382;15;NULL;2007;Договір доручення (позика/надання)
383;15;NULL;2008;Договір доручення (позика/отримання)
384;15;NULL;2011;Договір на виконання договору доручення (продаж)
385;15;NULL;2012;Договір на виконання договору доручення (купівля)
386;15;NULL;2013;Договір на виконання договору доручення (міна-продаж)
387;15;NULL;2014;Договір на виконання договору доручення (міна-купівля)
388;15;NULL;2017;Договір на виконання договору доручення (позика/надання)
389;15;NULL;2018;Договір на виконання договору доручення (позика/отримання)
390;15;NULL;3000;Договір на брокерське обслуговування
391;15;NULL;3101;Разове замовлення до договору на брокерське обслуговування (комісія/продаж)
392;15;NULL;3102;Разове замовлення до договору на брокерське обслуговування (комісія/купівля)
393;15;NULL;3103;Разове замовлення до договору на брокерське обслуговування (комісія/міна-продаж)
394;15;NULL;3104;Разове замовлення до договору на брокерське обслуговування (комісія/міна-купівля)
395;15;NULL;3105;Разове замовлення до договору на брокерське обслуговування (субкомісія/продаж)
396;15;NULL;3106;Разове замовлення до договору на брокерське обслуговування (субкомісія/купівля)
397;15;NULL;3107;Разове замовлення до договору на брокерське обслуговування (комісія/позика надання)
398;15;NULL;3108;Разове замовлення до договору на брокерське обслуговування(комісія/позика отримання)
399;15;NULL;3109;Разове замовлення до договору на брокерське обслуговування (субкомісія/позика надання)
400;15;NULL;3110;Разове замовлення до договору на брокерське обслуговування (субкомісія/позика отримання)
401;15;NULL;3111;Договір на виконання разового замовлення до договору на брокерське обслуговування (комісія/продаж)
402;15;NULL;3112;Договір на виконання разового замовлення до договору на брокерське обслуговування (комісія/купівля)
403;15;NULL;3113;Договір на виконання разового замовлення до договору на брокерське обслуговування (комісія/міна-продаж)
404;15;NULL;3114;Договір на виконання разового замовлення до договору на брокерське обслуговування (комісія/міна-купівля)
405;15;NULL;3115;Договір на виконання разового замовлення до договору на брокерське обслуговування (субкомісія/продаж)
406;15;NULL;3116;Договір на виконання разового замовлення до договору на брокерське обслуговування (субкомісія/купівля)
407;15;NULL;3117;Договір на виконання разового замовлення до договору на брокерське обслуговування (комісія/позика надання)
408;15;NULL;3118;Договір на виконання разового замовлення до договору на брокерське обслуговування (комісія/позика отримання)
409;15;NULL;3119;Договір на виконання разового замовлення до договору на брокерське обслуговування (субкомісія/позика надання)
410;15;NULL;3120;Договір на виконання разового замовлення до договору на брокерське обслуговування (субкомісія/позика отримання)
411;15;NULL;3201;Разове замовлення до договору на брокерське обслуговування (доручення/продаж)
412;15;NULL;3202;Разове замовлення до договору на брокерське обслуговування (доручення/купівля)
413;15;NULL;3203;Разове замовлення до договору на брокерське обслуговування (доручення/міна-продаж)
414;15;NULL;3204;Разове замовлення до договору на брокерське обслуговування (доручення/міна-купівля)
415;15;NULL;3207;Разове замовлення до договору на брокерське обслуговування (доручення/позика надання)
416;15;NULL;3208;Разове замовлення до договору на брокерське обслуговування (доручення/позика отримання)
417;15;NULL;3211;Договір на виконання разового замовлення до договору на брокерське обслуговування (доручення/продаж)
418;15;NULL;3212;Договір на виконання разового замовлення до договору на брокерське обслуговування (доручення/купівля)
419;15;NULL;3213;Договір на виконання разового замовлення до договору на брокерське обслуговування (доручення/міна-продаж)
420;15;NULL;3214;Договір на виконання разового замовлення до договору на брокерське обслуговування (доручення/міна-купівля)
421;15;NULL;3217;Договір на виконання разового замовлення до договору на брокерське обслуговування (доручення/позика надання)
422;15;NULL;3218;Договір на виконання разового замовлення до договору на брокерське обслуговування(доручення/позика отримання)
423;15;NULL;4000;Договір андеррайтингу, за яким торговець цінними паперами не бере на себе зобов’язання щодо гарантування продажу всіх цінних паперів емітента, що підлягають розміщенню, або їх частини
424;15;NULL;4001;Договір андеррайтингу, за яким торговець цінними паперами бере на себе зобов’язання щодо гарантування продажу всіх цінних паперів емітента, що підлягають розміщенню, або їх частини
425;15;NULL;4002;Договір на придбання цінних паперів
426;15;NULL;5000;Договір про спільну діяльність
427;15;NULL;6000;Договір про управління цінними паперами
428;15;NULL;6011;Договір на виконання договору про управління цінними паперами (продаж)
429;15;NULL;6012;Договір на виконання договору про управління цінними паперами (купівля)
430;15;NULL;6013;Договір на виконання договору про управління цінними паперами (міна-продаж)
431;15;NULL;6014;Договір на виконання договору про управління цінними паперами (міна-купівля)
432;15;NULL;7000;Договір про управління активами інвестиційного фонду
433;15;NULL;7011;Договір на виконання договору про управління активами інвестиційного фонду (продаж)
434;15;NULL;7012;Договір на виконання договору про управління активами інвестиційного фонду (купівля)
435;15;NULL;7013;Договір на виконання договору про управління активами інвестиційного фонду (міна-продаж)
436;15;NULL;7014;Договір на виконання договору про управління активами інвестиційного фонду (міна-купівля)
437;15;NULL;8000;Договір позики (надання)
438;15;NULL;8001;Договір позики (отримання)
439;16;NULL;01;Неорганізований ринок
440;16;NULL;02;Організований ринок (фондова біржа)
441;17;NULL;01;інвестиційний фонд
442;17;NULL;02;взаємний фонд інвестиційної компанії
443;17;NULL;03;пайовий інвестиційний фонд
444;17;NULL;04;корпоративний інвестиційний фонд
445;17;NULL;05;недержавний пенсійний фонд
446;17;NULL;06;накопичувальний пенсійний фонд
447;17;NULL;07;страхова компанія
448;17;NULL;08;фонди банківського управління
449;17;NULL;09;інші фінансові установи
450;18;NULL;01;Відкритий
451;18;NULL;02;Закритий
452;18;NULL;03;Відкритий строковий диверсифікований ІСІ
453;18;NULL;04;Відкритий безстроковий диверсифікований ІСІ
454;18;NULL;05;Інтервальний строковий диверсифікований ІСІ
455;18;NULL;06;Інтервальний безстроковий диверсифікований ІСІ
456;18;NULL;07;Закритий строковий диверсифікований ІСІ
457;18;NULL;08;Закритий строковий недиверсифікований ІСІ
458;18;NULL;09;Закритий строковий недиверсифікований венчурний ІСІ
459;18;NULL;10;Відкритий НПФ
460;18;NULL;11;Корпоративний НПФ
461;18;NULL;12;Професійний НПФ
462;18;NULL;13;Відкритий строковий спеціалізований ІСІ
463;18;NULL;14;Відкритий безстроковий спеціалізований ІСІ
464;18;NULL;15;Відкритий строковий спеціалізований біржовий ІСІ
465;18;NULL;16;Відкритий безстроковий спеціалізований біржовий ІСІ
466;18;NULL;17;Інтервальний строковий спеціалізований ІСІ
467;18;NULL;18;Інтервальний безстроковий спеціалізований ІСІ
468;18;NULL;19;Інтервальний строковий кваліфікаційний ІСІ
469;18;NULL;20;Інтервальний безстроковий кваліфікаційний ІСІ
470;18;NULL;21;Закритий строковий спеціалізований ІСІ
471;18;NULL;22;Закритий строковий кваліфікаційний ІСІ
472;19;NULL;;Вчинення дії про проведення загальних зборів
473;19;NULL;11;Дата прийняття рішення про проведення загальних зборів
474;19;NULL;;Вчинення дії про факти лістингу/делістингу цінних паперів
475;19;NULL;12;Дата включення цінних паперів емітента у лістинг фондової біржі
476;19;NULL;13;Дата, коли емітенту стало відомо чи коли він мав дізнатися про зміну рівня лістингу його цінних паперів
477;19;NULL;14;Дата, коли емітенту стало відомо чи коли він мав дізнатися про делістинг його цінних паперів
478;19;NULL;;Вчинення дії про порушення справи про банкрутство емітента
479;19;NULL;21;Дата винесення судом ухвали про порушення провадження у справі про банкрутство
480;19;NULL;22;Дата, коли емітент дізнався чи мав дізнатися про порушення провадження у справі про його банкрутство
481;19;NULL;23;Дата подання емітентом заяви до суду щодо порушення справи про його банкрутство
482;19;NULL;;Вчинення дії про винесення ухвали про санацію емітента
483;19;NULL;31;Дата винесення судом ухвали про проведення санації боржника
484;19;NULL;32;Дата, коли емітент дізнався або мав дізнатися про винесення судом ухвали про його санацію
485;19;NULL;;Вчинення дії про припинення емітента шляхом ліквідації за рішенням суду
486;19;NULL;41;Дата винесення судового рішення про ліквідацію емітента
487;19;NULL;42;Дата винесення судом постанови про визнання боржника банкрутом і відкриття ліквідаційної процедури
488;19;NULL;;Вчинення дії про припинення функціонування ФОН
489;19;NULL;51;Дата закінчення строку, на який ФОН був створений
490;19;NULL;52;Дата, коли емітент дізнався або повинен був дізнатись про винесення судом рішення про припинення ФОН
491;19;NULL;;Вчинення дії про звернення стягнення на іпотечне покриття
492;19;NULL;61;Дата встановлення факту невиконання або неналежного виконання емітентом грошових зобов'язань за іпотечними облігаціями у строки, визначені у проспекті емісії
493;19;NULL;62;Дата прийняття судового рішення про порушення щодо емітента провадження у справі про банкрутство або призначення тимчасового адміністратора чи ліквідатора
494;19;NULL;63;Дата встановлення факту непроведення заміни іпотечних активів або невключення нових іпотечних активів до складу іпотечного покриття згідно із статтею 14 Закону України Про іпотечні облігації
495;19;NULL;64;Дата встановлення факту вчинення емітентом щодо іпотечного покриття дій, які суперечать вимогам Закону України Про іпотечні облігації, якщо такі дії ставлять під загрозу належне виконання емітентом зобов'язань за іпотечними облігаціями
496;19;NULL;65;Дата порушення інших зобов'язань, визначених у проспекті емісії
497;19;NULL;66;Дата прийняття відповідним органом управління емітента рішення про попереднє надання згоди на вчинення значних правочинів
498;19;NULL;67;Дата прийняття відповідним органом управління емітента рішення про надання згоди на вчинення значного правочину
499;19;NULL;68;Дата прийняття відповідним органом управління емітента рішення про надання згоди на вчинення правочину із заінтересованістю
500;19;NULL;69;Дата прийняття рішення відповідним органом управління емітента щодо зміни складу посадових осіб емітента
501;19;NULL;70;Дата отримання акціонерним товариством повідомлення про заміну члена наглядової ради - представника акціонера (акціонерів)
502;19;NULL;71;Дата, з якої припинено повноваження посадової особи, якщо її повноваження припиняються без прийняття рішення відповідним органом управління емітента
503;19;NULL;72;Дата, коли емітент дізнався про винесення судом ухвали про порушення провадження у справі щодо посадової особи (у тому числі посадової особи, повноваження якої припинені)
504;19;NULL;73;Дата розірвання договору поруки чи страхування ризиків непогашення основної суми боргу (непогашення основної суми боргу та невиплати доходу за облігаціями)
505;19;NULL;74;Дата відкликання гарантії виконання емітентом зобов'язання щодо погашення основної суми боргу (погашення основної суми боргу та виплати доходу за облігаціями)
506;19;NULL;75;Дата прийняття уповноваженим органом акціонерного товариства рішення про встановлення дати складення переліку осіб, які мають право на отримання дивідендів, порядок та строк їх виплати
507;19;NULL;76;Дата державної реєстрації відповідних змін до відомостей про юридичну особу, що містяться в Єдиному державному реєстрі юридичних осіб, фізичних осіб-підприємців та громадських формувань
508;20;NULL;01;Цінні папери
509;20;NULL;02;Грошові кошти
510;20;NULL;03;Нараховані, але не сплачені відсотки
511;20;NULL;04;Корпоративні права (крім цінних паперів)
512;20;NULL;05;Позика
513;20;NULL;06;Заборгованість, що виникла на підставі договору відступлення прав вимоги
514;20;NULL;07;Інше відповідно до умов договору
515;21;NULL;0;Відомості про прийняття рішення про розміщення цінних паперів на суму, що перевищує 25 відсотків статутного капіталу
516;21;NULL;1;Відомості про прийняття рішення про розміщення цінних паперів
517;21;NULL;2;Відомості про прийняття рішення про викуп власних акцій
518;21;NULL;3;Відомості про одержання кредиту на суму, що перевищує 25 відсотків активів емітента
519;21;NULL;4;Відомості про одержання позики на суму, що перевищує 25 відсотків активів емітента
520;21;NULL;5;Відомості про зміну складу посадових осіб емітента
521;21;NULL;6;Відомості про проведення загальних зборів
522;21;NULL;7;Відомості про рішення емітента про утворення, припинення його філій, представництв
523;21;NULL;8;Відомості про рішення вищого органу емітента про зменшення статутного капіталу
524;21;NULL;9;Відомості про порушення справи про банкрутство емітента
525;21;NULL;10;Відомості про винесення ухвали про санацію емітента
526;21;NULL;11;Відомості про припинення емітента шляхом злиття, приєднання, поділу, перетворення або банкрутства за рішенням вищого органу емітента або суду
527;21;NULL;12;Відомості про припинення емітента шляхом ліквідації за рішенням вищого органу емітента
528;21;NULL;13;Відомості про припинення емітента шляхом ліквідації за рішенням суду
529;21;NULL;14;Відомості про заміни у реєстрі іпотечного покриття або реєстрі забезпечення іпотечних сертифікатів за кожним консолідованим іпотечним боргом
530;21;NULL;15;Відомості про заміну управителя іпотечного покриття, управителя іпотечних активів
531;21;NULL;16;Відомості про дострокове погашення іпотечних облігацій
532;21;NULL;17;Відомості про внесення змін до проспекту емісії іпотечних цінних паперів
533;21;NULL;18;Відомості про заміну управителя ФОН за рішенням суду
534;21;NULL;19;Відомості про заміну управителя ФОН у разі припинення управителя ФОН
535;21;NULL;20;Відомості про припинення функціонування ФОН
536;21;NULL;21;Відомості про трансформацію (перетворення) іпотечних активів, які забезпечують виконання зобов'язань за розміщеними іпотечними сертифікатами
537;21;NULL;22;Відомості про заміну фінансової установи, яка обслуговує іпотечні активи у складі іпотечного покриття
538;21;NULL;23;Відомості про звернення стягнення на іпотечне покриття
539;21;NULL;24;Відомості про конвертацію іпотечних сертифікатів або сертифікатів ФОН
540;21;NULL;25;Відомості про прийняття рішення органом виконавчої влади про призупинення дії дозволів на право здійснення емісії іпотечних сертифікатів або сертифікатів ФОН
541;21;NULL;26;Спростування
542;21;NULL;27;Відомості про факти лістингу/делістингу цінних паперів на фондовій біржі
543;21;NULL;28;Інформація про зміну власників акцій, яким належить 10 і більше відсотків голосуючих акцій
544;21;NULL;29;Відомості про заміни у реєстрі іпотечного покриття
545;21;NULL;30;Відомості про заміну управителя іпотечного покриття
546;21;NULL;31;Відомості про проведення позапланового аудиту реєстру іпотечного покриття на предмет виявлення відповідності стану іпотечного покриття даним реєстру іпотечного покриття та вимогам Закону Україну «Про іпотечні облігації»
547;21;NULL;32;Відомості про прийняття рішення про розміщення цінних паперів на суму, що перевищує 10 відсотків статутного капіталу
548;21;NULL;33;Відомості про прийняття рішення про попереднє надання згоди на вчинення значних правочинів
549;21;NULL;34;Відомості про прийняття рішення про надання згоди на вчинення значних правочинів
550;21;NULL;35;Відомості про прийняття рішення про надання згоди на вчинення правочинів, щодо вчинення яких є заінтересованість (для емітентів - акціонерних товариств)
551;21;NULL;36;Відомості про порушення провадження у справі про відшкодування емітенту збитків, завданих посадовою особою такого емітента
552;21;NULL;37;Відомості про заміну поручителя (страховика, гаранта), що здійснює забезпечення випуску боргових цінних паперів
553;21;NULL;38;Відомості про прийняття рішення про виплату дивідендів
554;21;NULL;39;Відомості про зміну типу акціонерного товариства
555;22;NULL;01;Банківський
556;22;NULL;02;Комерційний
557;22;NULL;03;Лізинговий
558;22;NULL;04;Іпотечний
559;22;NULL;05;Фінансовий
560;22;NULL;06;Товарний
561;22;NULL;07;Кредит під цінні папери
562;22;NULL;08;Інвестиційний
563;22;NULL;09;Податковий
564;22;NULL;10;Інші
565;23;NULL;01;Закінчення строку, на який був створений ФОН, та виконання своїх зобов’язань перед власниками сертифікатів
566;23;NULL;02;За рішенням суду
567;24;NULL;00;Усього за рік
568;24;NULL;10;Усього за перший квартал
569;24;NULL;20;Усього за другий квартал
570;24;NULL;30;Усього за третій квартал
571;24;NULL;40;Усього за четвертий квартал
572;24;NULL;01;Січень
573;24;NULL;02;Лютий
574;24;NULL;03;Березень
575;24;NULL;04;Квітень
576;24;NULL;05;Травень
577;24;NULL;06;Червень
578;24;NULL;07;Липень
579;24;NULL;08;Серпень
580;24;NULL;09;Вересень
581;24;NULL;10;Жовтень
582;24;NULL;11;Листопад
583;24;NULL;12;Грудень
584;25;NULL;01;Електронні торги (за адресними заявками)
585;25;NULL;02;Електронні торги (за безадресними заявками)
586;25;NULL;03;Електронні торги (за анонімними заявками)
587;25;NULL;04;Електронні торги - аукціон (за адресними заявками)
588;25;NULL;05;Електронні торги - аукціон (за безадресними заявками)
589;25;NULL;06;Торги з голосу
590;25;NULL;07;Торги з голосу - аукціон
591;25;NULL;08;Інше
592;26;NULL;1;Категорія лістингових цінних паперів. Перший рівень лістингу
593;26;NULL;2;Категорія лістингових цінних паперів. Другий рівень лістингу
594;26;NULL;3;Цінні папери виключені з біржового списку. Припинення торгівлі
595;26;NULL;4;Цінні папери знаходяться у біржовому списку. Призупинення торгівлі
596;26;NULL;5;Категорія позалістингових цінних паперів. Позалістингові цінні папери
597;27;NULL;010;Зарахування прав на акції на рахунок у цінних паперах власника цінних паперів, внаслідок чого він стає власником пакета акцій (від 10 % (включно) і більше статутного капіталу емітента)
598;27;NULL;021;Збільшення кількості прав на акції на рахунку в цінних паперах власника цінних паперів - власника пакета акцій, внаслідок чого пакет акцій збільшується від 10 % до 100 % (включно) статутного капіталу емітента
599;27;NULL;022;Зменшення кількості прав на акції на рахунку в цінних паперах власника цінних паперів - власника пакета акцій, внаслідок чого пакет акцій зменшується від 100 % до 10 % (включно) статутного капіталу емітента
600;27;NULL;040;Зменшення кількості прав на акції на рахунку в цінних паперах власника цінних паперів, внаслідок чого він перестає бути власником пакета акцій
601;27;NULL;050;Зміни не відбулися
602;27;NULL;610;Зарахування прав на акції на рахунок у цінних паперах власника цінних паперів, внаслідок чого він стає власником пакета акцій (від 10 % (включно) і більше статутного капіталу емітента) за наслідками операцій емітента
603;27;NULL;621;Збільшення кількості прав на акції на рахунку в цінних паперах власника цінних паперів - власника пакета акцій, внаслідок чого пакет акцій збільшується від 10 % до 100 % (включно) статутного капіталу емітента за наслідками операцій емітента
604;27;NULL;622;Зменшення кількості прав на акції на рахунку в цінних паперах власника цінних паперів - власника пакета акцій, внаслідок чого пакет акцій зменшується від 100 % до 10 % (включно) статутного капіталу емітента за наслідками операцій емітента
605;27;NULL;640;Зменшення кількості прав на акції на рахунку в цінних паперах власника цінних паперів, внаслідок чого він перестає бути власником пакета акцій за наслідками операцій емітента
606;27;NULL;160;Блокування пакета акцій (унаслідок арешту, заборони обігу, застави тощо) з ініціативи третьої сторони
607;27;NULL;170;Розблокування пакета акцій, який був заблокований (унаслідок арешту, заборони обігу, застави тощо), з ініціативи третьої сторони
608;27;NULL;140;Списання прав на акції на рахунку в цінних паперах власника цінних паперів, внаслідок чого він перестає бути власником пакета акцій, з ініціативи третьої сторони
609;28;NULL;010;Зміни на особовому рахунку власника іменних цінних паперів, внаслідок яких він стає власником пакета акцій (від 10% (включно) і більше статутного капіталу емітента), або зміни на особовому рахунку номінального утримувача іменних цінних паперів, внаслідок яких він стає номінальним утримувачем пакета акцій (від 10% (включно) і більше статутного капіталу емітента)
610;28;NULL;021;Збільшення кількості акцій на особовому рахунку власника пакета акцій, внаслідок чого пакет акцій збільшується від 10% до 100% (включно) статутного капіталу емітента, або збільшення на особовому рахунку номінального утримувача пакета акцій, внаслідок чого пакет акцій на рахунку номінального утримувача збільшується від 10% до 100% (включно) статутного капіталу емітента
611;28;NULL;022;Зменшення кількості акцій на особовому рахунку власника пакета акцій, внаслідок чого пакет акцій зменшується від 100% до 10% (включно) статутного капіталу емітента, або зменшення на особовому рахунку номінального утримувача пакета акцій, внаслідок чого пакет акцій на рахунку номінального утримувача зменшується від 100% до 10% (включно) статутного капіталу емітента
612;28;NULL;040;Зміни на особовому рахунку власника іменних цінних паперів, внаслідок яких він перестає бути власником пакета акцій, або зміни на особовому рахунку номінального утримувача іменних цінних паперів, внаслідок яких він перестає бути номінальним утримувачем пакета акцій
613;28;NULL;050;Зміни не відбулися
614;28;NULL;310;Зміни на особовому рахунку власника іменних цінних паперів, внаслідок яких він стає власником пакета акцій (від 10% (включно) і більше статутного капіталу емітента), або зміни на особовому рахунку номінального утримувача іменних цінних паперів, внаслідок яких він стає номінальним утримувачем пакета акцій (від 10% (включно) і більше статутного капіталу емітента) внаслідок формування системи реєстру власників іменних цінних паперів
615;28;NULL;340;Зміни на особовому рахунку власника пакета акцій або номінального утримувача пакета акцій (закриття особового рахунку) внаслідок передачі системи реєстру власників іменних цінних паперів до іншого реєстроутримувача або у зв`язку з дематеріалізацією акцій
616;28;NULL;610;Зміни на особовому рахунку власника іменних цінних паперів, внаслідок яких він стає власником пакета акцій (від 10% (включно) і більше статутного капіталу емітента) за наслідками операцій емітента щодо зміни статутного капіталу емітента, або зміни на особовому рахунку номінального утримувача іменних цінних паперів, внаслідок яких він стає номінальним утримувачем пакета акцій (від 10% (включно) і більше статутного капіталу емітента) за наслідками операцій емітента щодо зміни статутного капіталу емітента
617;28;NULL;621;Збільшення кількості акцій на особовому рахунку власника пакета акцій, унаслідок чого пакет акцій збільшується від 10% до 100% (включно) статутного капіталу емітента за наслідками операцій емітента щодо зміни статутного капіталу емітента, або на особовому рахунку номінального утримувача пакета акцій, внаслідок чого пакет акцій збільшується від 10% до 100% (включно) статутного капіталу емітента за наслідками операцій емітента щодо зміни статутного капіталу емітента
618;28;NULL;622;Зменшення кількості акцій на особовому рахунку власника пакета акцій, внаслідок чого пакет акцій зменшується від 100% до 10% (включно) статутного капіталу емітента за наслідками операцій емітента щодо зміни статутного капіталу емітента, або на особовому рахунку номінального утримувача пакета акцій, внаслідок чого пакет акцій зменшується від 100% до 10% (включно) статутного капіталу емітента за наслідками операцій емітента щодо зміни статутного капіталу емітента
619;28;NULL;640;Зміни на особовому рахунку власника іменних цінних паперів (зменшення кількості акцій), внаслідок яких він перестає бути власником пакета акцій, або особовому рахунку номінального утримувача іменних цінних паперів (зменшення кількості акцій), внаслідок яких він перестає бути номінальним утримувачем пакета акцій
620;29;NULL;010;Зарахування прав на іпотечні цінні папери на рахунок у цінних паперах власника цінних паперів, внаслідок чого на рахунок, на якому не обліковувалися права на іпотечні цінні папери, зараховуються права на один іпотечний цінний папір або права на іпотечні цінні папери
621;29;NULL;021;Збільшення кількості прав на іпотечні цінні папери на рахунку в цінних паперах власника цінних паперів
622;29;NULL;022;Зменшення кількості прав на іпотечні цінні папери на рахунку в цінних паперах власника цінних паперів, за якого залишок прав на іпотечні цінні папери на рахунку не стає нульовим
623;29;NULL;040;Зменшення кількості прав на іпотечні цінні папери на рахунку в цінних паперах власника цінних паперів, внаслідок чого на рахунку не залишається прав на іпотечні цінні папери
624;29;NULL;050;Погашення іпотечних цінних паперів
625;29;NULL;160;Блокування прав на іпотечні цінні папери на рахунку в цінних паперах власника цінних паперів (унаслідок арешту, заборони обігу, застави тощо) з ініціативи третьої сторони
626;29;NULL;170;Розблокування прав на іпотечні цінні папери на рахунку в цінних паперах депонента, які були заблоковані (унаслідок арешту, заборони обігу, застави тощо), з ініціативи третьої сторони
627;29;NULL;140;Списання прав на іпотечні цінні папери з рахунку в цінних паперах власника цінних паперів з ініціативи третьої сторони
628;30;NULL;110;Фізична особа - резидент
629;30;NULL;120;Юридична особа - резидент (за винятком номінального утримувача)
630;30;NULL;210;Номінальний утримувач - зберігач цінних паперів
631;30;NULL;220;Номінальний утримувач - депозитарій цінних паперів
632;30;NULL;300;Емітент цінних паперів
633;30;NULL;310;Фізична особа - нерезидент
634;30;NULL;320;Юридична особа - нерезидент
635;30;NULL;150;Держава Україна (суб’єкт управління корпоративними правами держави - Фонд державного майна України або інший державний орган)
636;30;NULL;130;Держава Україна (суб’єкт управління корпоративними правами держави - державне господарське об’єднання, державна холдингова компанія, інша державна господарська організація)
637;30;NULL;140;Держава Україна (суб’єкт управління корпоративними правами держави - юридична або фізична особа (уповноважена особа), яка виконує функції з управління корпоративними правами держави)
638;31;NULL;01;Формування системи реєстру власників іменних цінних паперів за наслідками розміщення іменних цінних паперів
639;31;NULL;02;Формування системи реєстру власників іменних цінних паперів за наслідками прийняття її від попереднього реєстроутримувача
640;31;NULL;03;Доповнення системи реєстру власників іменних цінних паперів за наслідками додаткового розміщення іменних цінних паперів
641;31;NULL;04;Ведення системи реєстру
642;31;NULL;05;Відкриття особового рахунку власника іменних цінних паперів при внесенні змін до системи реєстру
643;31;NULL;06;Відкриття особового рахунку номінального утримувача іменних цінних паперів при внесенні змін до системи реєстру
644;31;NULL;07;Закриття особового рахунку власника іменних цінних паперів
645;31;NULL;08;Закриття особового рахунку номінального утримувача іменних цінних паперів
646;31;NULL;09;Унесення змін до системи реєстру записів про перехід прав власності на цінні папери за договорами купівлі-продажу (міни) іменних цінних паперів
647;31;NULL;10;Унесення змін до системи реєстру записів про перехід прав власності на цінні папери за рішенням суду
648;31;NULL;11;Унесення змін до системи реєстру записів про перехід прав власності на цінні папери за наслідками дарування цінних паперів
649;31;NULL;12;Унесення змін до системи реєстру записів про перехід прав власності на цінні папери за наслідками спадкування цінних паперів
650;31;NULL;13;Унесення змін до системи реєстру записів про перехід прав власності на цінні папери за наслідками передачі цінних паперів до статутного капіталу
651;31;NULL;14;Унесення змін до системи реєстру записів про перехід прав власності на цінні папери за наслідками приватизації державних підприємств
652;31;NULL;15;Унесення змін до системи реєстру записів про перехід прав власності за інших підстав
653;31;NULL;16;Унесення до системи реєстру записів про блокування цінних паперів у зв'язку з передачею цінних паперів під заставу або з інших підстав
654;31;NULL;17;Унесення до системи реєстру записів про знерухомлення іменних цінних паперів
655;31;NULL;18;Унесення до системи реєстру записів про переміщення знерухомлених цінних паперів між рахунками номінальних утримувачів
656;31;NULL;19;Унесення до системи реєстру записів про матеріалізацію іменних цінних паперів
657;31;NULL;20;Унесення до системи реєстру записів про викуп емітентом власних цінних паперів
658;31;NULL;21;Унесення до системи реєстру записів за наслідками проведення корпоративних операцій емітента
659;31;NULL;22;Унесення до системи реєстру за наслідками виконання рішення Національної комісії з цінних паперів та фондового ринку, постанови або розпорядження її уповноваженої особи
660;31;NULL;23;Засвідчення справжності підпису фізичної особи - власника (уповноваженої особи власника) на розпорядженні (передавальному, застави, про блокування, припинення блокування)
661;31;NULL;24;Видача виписки з реєстру (про стан особового рахунку або про операції на особовому рахунку за період)
662;31;NULL;25;Оформлення, зберігання та облік сертифікатів
663;31;NULL;26;Зберігання системи реєстру та архіву
664;32;NULL;01;Призначено міжнародний ідентифікаційний номер цінних паперів (ISIN)
665;32;NULL;02;Анульовано міжнародний ідентифікаційний номер цінних паперів (ISIN)
666;33;NULL;1;Документ, який є підставою для формування, внесення змін до системи реєстру [1 0]
667;33;NULL;2;Обліковий регістр з ведення реєстру власників іменних цінних паперів
668;33;NULL;3;Реєстр власників іменних цінних паперів
669;33;NULL;4;Перелік (список) власників іменних цінних паперів, перелік (список) акціонерів
670;33;NULL;5;Сертифікат цінних паперів
671;33;NULL;6;Свідоцтво про знерухомлення іменних цінних паперів
672;33;NULL;7;Анкета емітента/ зареєстрованої особи/ уповноваженої особи/ держави Україна
673;33;NULL;8;Розпорядження (передавальне, про блокування, про припинення блокування, про забезпечення письмового повідомлення акціонерів)
674;33;NULL;9;Розпорядження номінальним утримувачам на складання списку (переліку) власників іменних цінних паперів
675;33;NULL;10;Запит
676;33;NULL;11;Заява
677;33;NULL;12;Виписка з реєстру власників іменних цінних паперів про стан особового рахунку
678;33;NULL;13;Виписка з реєстру власників іменних цінних паперів про операції за особовим рахунком за період
679;34;NULL;1;Відкриття рахунку в цінних паперах на підставі договору про обслуговування рахунку в цінних паперах, укладеного з депонентом [1 0]
680;34;NULL;2;Відкриття рахунку в цінних паперах на підставі договору про відкриття/обслуговування рахунків власникам з емітентом щодо дематеріалізованих іменних цінних паперів
681;34;NULL;3;Закриття рахунку в цінних паперах
682;34;NULL;4;Внесення змін до анкети рахунку в цінних паперах
683;34;NULL;5;Видача виписки про стан рахунку в цінних паперах
684;34;NULL;6;Видача виписки про операції з цінними паперами депонента
685;34;NULL;7;Зарахування прав на цінні папери при знерухомленні цінних паперів на пред’явника
686;34;NULL;9;Зарахування прав на цінні папери внаслідок розміщення цінних паперів та проведення інших корпоративних операцій емітента
687;34;NULL;10;Списання прав на цінні папери внаслідок проведення корпоративних операцій емітента
688;34;NULL;11;Внесення змін до системи депозитарного обліку за наслідками виконання рішення суду, рішення Національної комісії з цінних паперів та фондового ринку, постанови або розпорядження її уповноваженої особи
689;34;NULL;12;Списання прав на цінні папери внаслідок скасування реєстрації випуску цінних паперів, виконання рішення суду
690;34;NULL;13;Зарахування прав на цінні папери за операціями, пов’язаними з обігом цінних паперів
691;34;NULL;15;Списання прав на цінні папери за операціями, пов’язаними з обігом цінних паперів
692;34;NULL;17;Переказ прав на цінні папери, що призводить до зменшення кількості прав на цінні папери на рахунку в цінних паперах депонента
693;34;NULL;18;Переказ прав на цінні папери, що призводить до збільшення кількості прав на цінні папери на рахунку в цінних паперах депонента
694;34;NULL;19;Переказ прав на цінні папери в межах рахунку в цінних паперах, пов'язаний із встановленням обмежень щодо обігу цінних паперів
695;34;NULL;20;Переказ прав на цінні папери в межах рахунку в цінних паперах, пов'язаний із зняттям обмежень щодо обігу цінних паперів
696;34;NULL;28;Конвертація цінних паперів внаслідок проведення корпоративних операцій емітента
697;34;NULL;29;Списання прав на цінні папери з рахунку в цінних паперах, відкритого емітентом власнику, внаслідок переведення їх до іншої обраної власником депозитарної установи
698;34;NULL;30;Зарахування прав на цінні папери на рахунок в цінних паперах власника внаслідок переведення їх з рахунку в цінних паперах, відкритого емітентом власнику в іншій депозитарній установі
699;34;NULL;31;Облік прав на цінні папери на рахунку в цінних паперах депонента
700;34;NULL;32;Складання облікового реєстру власників цінних паперів
701;34;NULL;33;Надання послуг щодо обслуговування операцій з активами інституційних інвесторів (інститутів спільного інвестування та недержавних пенсійних фондів)
702;34;NULL;34;Надання реєстру власників іменних цінних паперів відповідно до Законів України «Про депозитарну систему України», «Про акціонерні товариства» на підставі відповідного договору з емітентом
703;34;NULL;35;Надання додаткових послуг, визначених законом, на підставі договору з емітентом
704;35;NULL;01;Перелік власників цінних паперів, які не закрили рахунки в цінних паперах, окремо за кожним випуском цінних паперів із зазначенням інформації, необхідної для ідентифікації цих власників, та належних їм цінних паперів, та належних їм прав на цінні папери, та загальної кількості цінних паперів/прав на цінні папери (далі - Перелік)
705;35;NULL;02;Договори про відкриття/обслуговування рахунку в цінних паперах власникам цінних паперів та документи, на підставі яких цим власникам були відкриті рахунки в цінних паперах у депозитарній установі та на підставі яких виконувались депозитарні операції на цих рахунках, документи, що були підставою для обтяження іменних цінних паперів зобов'язаннями, які при переведенні випуску іменних цінних паперів у бездокументарну форму були передані депозитарній установі (зберігачу цінних паперів) та зберігалися в ній (нього)
706;35;NULL;04;Архіви баз даних за останні 5 років (за наявності) до дати припинення діяльності
707;35;NULL;05;Бази даних депозитарної установи станом на кінець операційного дня, що передує даті припинення діяльності
708;35;NULL;07;Консолідований баланс (баланс за всіма цінними паперами, що обліковуються у депозитарній установі на рахунках у цінних паперах депонентів і на рахунку в цінних паперах депозитарної установи, в уповноваженого на зберігання, складений станом на кінець операційного дня, що передує даті припинення діяльності, засвідчений підписом керівника або уповноваженої ним особи та печаткою депозитарної установи)
709;35;NULL;08;Копія рішення органу ліцензування про анулювання ліцензії
710;35;NULL;09;Копія постанови про відкриття ліквідаційної процедури (за наявності)
711;35;NULL;10;Копія баз даних станом на кінець операційного дня, що передує даті початку припинення діяльності
712;35;NULL;12;Виписки про стан рахунків у цінних паперах станом на кінець операційного дня, що передує даті припинення діяльності
713;35;NULL;13;Облікові регістри (журнали), що визначені нормативно-правовими актами України як обов'язкові при здійсненні діяльності депозитарної установи
714;35;NULL;15;Обліковий реєстр власників цінних паперів, рахунки яких обслуговуються депозитарною установою відповідно до договору з емітентом, складений станом на кінець операційного дня, що передує даті припинення діяльності
715;35;NULL;16;Документи, що є підставою для приймання уповноваженим на зберігання документів, архівів, баз даних депозитарної установи: рішення повноваженого органу депозитарної установи про припинення ним провадження депозитарної діяльності або припинення депозитарної установи як юридичної особи постанови господарського суду про визнання боржника банкрутом і відкриття ліквідаційної процедури рішення органу ліцензування про анулювання ліцензії, крім випадку анулювання ліцензії за відповідною заявою ліцензіата
716;35;NULL;17;Договори про обслуговування зберігачем активів інститутів спільного інвестування депонентів, зазначених у Переліках, та документи, на підставі яких цим суб’єктам були відкриті рахунки в цінних паперах у депозитарній установі та на підставі яких виконувались депозитарні операції на цих рахунках, обслуговувались операції з активами інститутів спільного інвестування
717;35;NULL;18;Договори про обслуговування пенсійного фонду зберігачем депонентів, зазначених у Переліках, документи, на підставі яких цим суб’єктам були відкриті рахунки в цінних паперах у депозитарній установі та на підставі яких виконувались депозитарні операції на цих рахунках, обслуговувались операції з активами пенсійних фондів
718;36;NULL;01;Визнання депозитарної установи банкрутом і відкриття ліквідаційної процедури
719;36;NULL;02;Прийняття органом ліцензування рішення про анулювання ліцензії, крім випадку анулювання ліцензії за відповідною заявою ліцензіата
720;36;NULL;03;Прийняття уповноваженим органом депозитарної установи рішення про припинення її як юридичної особи внаслідок ліквідації
721;36;NULL;04;Прийняття уповноваженим органом депозитарної установи рішення про припинення депозитарної установи як юридичної особи внаслідок реорганізації
722;36;NULL;05;Прийняття уповноваженим органом депозитарної установи рішення про припинення провадження депозитарної діяльності депозитарної установи
723;36;NULL;06;Прийняття уповноваженим органом депозитарної установи рішення про припинення діяльності із зберігання активів інститутів спільного інвестування та діяльності із зберігання активів пенсійних фондів без припинення депозитарної діяльності депозитарної установи
724;36;NULL;07;Прийняття уповноваженим органом депозитарної установи рішення про припинення діяльності із зберігання активів інститутів спільного інвестування без припинення депозитарної діяльності депозитарної установи
725;36;NULL;08;Прийняття уповноваженим органом депозитарної установи рішення про припинення діяльності із зберігання активів пенсійних фондів без припинення депозитарної діяльності депозитарної установи
726;37;NULL;110;Фізична особа - резидент
727;37;NULL;120;Юридична особа - резидент (за винятком нижченаведених категорій юридичних осіб)
728;37;NULL;310;Фізична особа - нерезидент
729;37;NULL;320;Юридична особа - нерезидент
730;37;NULL;121;Недержавний пенсійний фонд
731;37;NULL;122;Накопичувальний пенсійний фонд
732;37;NULL;123;Інвестиційний фонд
733;37;NULL;124;Взаємний фонд інвестиційної компанії
734;37;NULL;125;Корпоративний інвестиційний фонд
735;37;NULL;126;Пайовий інвестиційний фонд
736;37;NULL;127;Фонд банківського управління
737;37;NULL;128;Страхові компанії
738;37;NULL;129;Торговці цінними паперами
739;37;NULL;131;Банки
740;37;NULL;132;Нотаріус (депозит)
741;37;NULL;133;Територіальна громада
742;37;NULL;150;Держава Україна (суб’єкт управління корпоративними правами держави - Фонд державного майна України, інший державний орган або орган, що забезпечує діяльність Президента України, Верховної Ради України, Кабінету Міністрів України)
743;37;NULL;130;Держава Україна (суб’єкт управління корпоративними правами держави - державне господарське об’єднання, державна холдингова компанія, інша державна господарська організація)
744;37;NULL;140;Держава Україна (суб’єкт управління корпоративними правами держави - інша особа або орган, які виконують функції з управління корпоративними правами держави)
745;38;NULL;02;Закриття рахунку в цінних паперах
746;38;NULL;03;Внесення змін до анкети рахунку в цінних паперах
747;38;NULL;04;Видача довідки про стан рахунку в цінних паперах
748;38;NULL;05;Видача довідки про операції з цінними паперами
749;38;NULL;11;Внесення змін до системи депозитарного обліку за наслідками виконання рішення суду, рішення Національної комісії з цінних паперів та фондового ринку, постанови або розпорядження її уповноваженої особи
750;38;NULL;18;Облік та зберігання цінних паперів на рахунках у цінних паперах
751;38;NULL;31;Переказ цінних паперів у межах рахунку в цінних паперах, пов'язаний з встановленням обмежень щодо обігу цінних паперів
752;38;NULL;32;Переказ цінних паперів у межах рахунку в цінних паперах, пов'язаний із зняттям обмежень щодо обігу цінних паперів
753;38;NULL;33;Переказ цінних паперів внаслідок проведення корпоративних операцій емітента
754;38;NULL;34;Приймання, зберігання та інвентаризація глобальних сертифікатів та тимчасових глобальних сертифікатів цінних паперів
755;38;NULL;35;Приймання, зберігання та інвентаризація сертифікатів цінних паперів на пред'явника
756;38;NULL;36;Здійснення переказу цінних паперів внаслідок проведення одиночних розрахунків з дотриманням принципу поставка цінних паперів проти оплати на підставі інформації, отриманої від Розрахункового центру з обслуговування договорів на фінансових ринках, клірингової установи або фондової біржі
757;38;NULL;37;Здійснення переказу цінних паперів внаслідок проведення розрахунків за результатом неттінгу на підставі інформації, отриманої від Розрахункового центру з обслуговування договорів на фінансових ринках, клірингової установи
758;38;NULL;38;Здійснення переказу цінних паперів внаслідок проведення одиночних розрахунків без дотримання принципу поставка цінних паперів проти оплати на підставі розпоряджень, отриманих від клієнтів Центрального депозитарію цінних паперів
759;38;NULL;39;Здійснення переказу цінних паперів внаслідок проведення одиночних розрахунків без дотримання принципу поставка цінних паперів проти оплати на підставі інформації, наданої фондовою біржею, у випадках, встановлених законодавством
760;38;NULL;40;Відкриття рахунку в цінних паперах на підставі депозитарного договору
761;38;NULL;41;Відкриття рахунку в цінних паперах на підставі договору про обслуговування випусків цінних паперів
762;38;NULL;42;Відкриття рахунку в цінних паперах на підставі договору про кореспондентські відносини
763;38;NULL;43;Відкриття рахунку в цінних паперах на підставі договору про обслуговування клірингової установи, договору про обслуговування Розрахункового центру з обслуговування договорів на фінансових ринках
764;38;NULL;44;Зарахування цінних паперів при знерухомленні цінних паперів на пред’явника
765;38;NULL;45;Зарахування цінних паперів
766;38;NULL;46;Списання цінних паперів
767;38;NULL;47;Ведення обліку зобов'язань емітента за цінними паперами власних випусків стосовно кожного випуску цінних паперів на підставі депонування глобального сертифіката та/або тимчасового глобального сертифіката
768;38;NULL;48;Здійснення нумерації (кодифікації) цінних паперів відповідно до міжнародних норм, ведення реєстру кодів цінних паперів (міжнародних ідентифікаційних номерів цінних паперів)
769;38;NULL;49;Складення реєстрів власників іменних цінних паперів
770;38;NULL;50;Складення переліків власників цінних паперів, акціонерів, осіб, які мають право на отримання дивідендів за акціями / доходу за цінними паперами
771;38;NULL;51;Зберігання інформації про осіб, визначених на надання емітенту реєстру власників іменних цінних паперів
772;38;NULL;52;Надання послуг емітенту з організації та проведення загальних зборів акціонерів
773;38;NULL;53;Надання клієнтам інформаційних довідок згідно з внутрішніми документами Центрального депозитарію цінних паперів та договорами з клієнтами
774;38;NULL;54;Надання інформаційних та консультаційних послуг щодо кон’юнктури ринку, умов обігу цінних паперів та з інших питань, якщо їх потребує депозитарна установа/депозитарій-кореспондент для реалізації своїх прав та обов'язків
775;39;NULL;10;Депозитарій-кореспондент
776;39;NULL;20;Депозитарна установа
777;39;NULL;30;Емітент
778;39;NULL;40;Національний банк України
779;39;NULL;50;Особа, яка провадить клірингову діяльність
780;40;NULL;0;Не належить
781;40;NULL;1;Асоціація
782;40;NULL;2;Корпорація
783;40;NULL;3;Консорціум
784;40;NULL;4;Концерн
785;40;NULL;5;Інше об'єднання
786;41;NULL;110;Фермерське господарство
787;41;NULL;111;Приватне акціонерне товариство
788;41;NULL;112;Публічне акціонерне товариство
789;41;NULL;120;Приватне підприємство
790;41;NULL;130;Колективне підприємство
791;41;NULL;140;Державне підприємство
792;41;NULL;145;Казенне підприємство
793;41;NULL;150;Комунальне підприємство
794;41;NULL;160;Дочірнє підприємство
795;41;NULL;170;Іноземне підприємство
796;41;NULL;180;Підприємство об'єднання громадян (релігійної організації, профспілки)
797;41;NULL;185;Підприємство споживчої кооперації
798;41;NULL;190;Орендне підприємство
799;41;NULL;191;Індивідуальне підприємство
800;41;NULL;192;Сімейне підприємство
801;41;NULL;193;Спільне підприємство
802;41;NULL;230;Акціонерне товариство
803;41;NULL;231;Відкрите акціонерне товариство
804;41;NULL;232;Закрите акціонерне товариство
805;41;NULL;235;Державна акціонерна компанія (товариство)
806;41;NULL;240;Товариство з обмеженою відповідальністю
807;41;NULL;250;Товариство з додатковою відповідальністю
808;41;NULL;260;Повне товариство
809;41;NULL;270;Командитне товариство
810;41;NULL;310;Виробничий кооператив
811;41;NULL;320;Обслуговуючий кооператив
812;41;NULL;321;Житлово-будівельний кооператив
813;41;NULL;322;Гаражний кооператив
814;41;NULL;330;Споживчий кооператив
815;41;NULL;340;Сільськогосподарський виробничий кооператив
816;41;NULL;350;Сільськогосподарський обслуговуючий кооператив
817;41;NULL;390;Кооперативний банк
818;41;NULL;410;Орган державної влади
819;41;NULL;420;Орган місцевого самоврядування
820;41;NULL;425;Державна організація (установа, заклад)
821;41;NULL;430;Комунальна організація (установа, заклад)
822;41;NULL;435;Приватна організація (установа, заклад)
823;41;NULL;440;Організація (установа, заклад) об'єднання громадян (релігійної організації, профспілки, споживчої кооперації тощо)
824;41;NULL;490;Організація орендарів
825;41;NULL;495;Організація покупців
826;41;NULL;510;Асоціація
827;41;NULL;520;Корпорація
828;41;NULL;530;Консорціум
829;41;NULL;540;Концерн
830;41;NULL;550;Холдингова компанія
831;41;NULL;590;Інші об'єднання юридичних осіб
832;41;NULL;610;Філія (інший відокремлений підрозділ)
833;41;NULL;620;Представництво
834;41;NULL;810;Політична партія
835;41;NULL;815;Громадська організація
836;41;NULL;820;Спілка об'єднань громадян
837;41;NULL;825;Релігійна організація
838;41;NULL;830;Профспілка
839;41;NULL;835;Об'єднання профспілок
840;41;NULL;840;Творча спілка (інша професійна організація)
841;41;NULL;845;Благодійна організація
842;41;NULL;850;Організація роботодавців
843;41;NULL;855;Об'єднання співвласників багатоквартирного будинку
844;41;NULL;860;Орган самоорганізації населення
845;41;NULL;910;Підприємець - фізична особа
846;41;NULL;915;Товарна біржа
847;41;NULL;920;Фондова біржа
848;41;NULL;925;Кредитна спілка
849;41;NULL;930;Споживче товариство
850;41;NULL;935;Спілка споживчих товариств
851;41;NULL;940;Недержавний пенсійний фонд
852;41;NULL;950;Садівниче товариство
853;41;NULL;995;Інші організаційно-правові форми
854;42;NULL;1;Обов’язковий довгостроковий кредитний рейтинг інвестиційного рівня
855;42;NULL;2;Обов’язковий короткостроковий кредитний рейтинг інвестиційного рівня
856;42;NULL;3;Обов’язковий довгостроковий кредитний рейтинг спекулятивного рівня
857;42;NULL;4;Обов’язковий короткостроковий кредитний рейтинг спекулятивного рівня
858;42;NULL;5;Необов’язковий довгостроковий кредитний рейтинг інвестиційного рівня
859;42;NULL;6;Необов’язковий короткостроковий кредитний рейтинг інвестиційного рівня
860;42;NULL;7;Необов’язковий довгостроковий кредитний рейтинг спекулятивного рівня
861;42;NULL;8;Необов’язковий короткостроковий кредитний рейтинг спекулятивного рівня
862;43;NULL;uaAAA;Винятковий (найвищий) рівень спроможності позичальника своєчасно та в повному обсязі виплачувати відсотки і основну суму за борговими зобов'язаннями
863;43;NULL;uaAA;Дуже високий рівень спроможності позичальника своєчасно та в повному обсязі виплачувати відсотки і основну суму за борговими зобов'язаннями
864;43;NULL;uaA;Високий рівень спроможності позичальника своєчасно та в повному обсязі виплачувати відсотки і основну суму за борговими зобов'язаннями. Однак такий позичальник чутливий до несприятливих змін у комерційних, фінансових та економічних умовах порівняно з позичальниками з вищими рейтингами
865;43;NULL;uaBBB;Достатня спроможність позичальника своєчасно та в повному обсязі виплачувати відсотки і основну суму за борговими зобов'язаннями. Однак такий позичальник перебуває під впливом несприятливих змін у комерційних, фінансових та економічних умовах порівняно з позичальниками з вищими рейтингами
866;43;NULL;uaBB;Боргові зобов'язання позичальника найменшою мірою піддаються ризику невиплати порівняно з позичальниками з рейтингами спекулятивного рівня. Однак можуть виникнути труднощі із своєчасною та в повному обсязі виплатою відсотків і основної суми за борговими зобов'язаннями у разі несприятливих змін у комерційних, фінансових та економічних умовах, хоча найближчим часом вірогідність невиконання позичальником боргових зобов'язань мінімальна
867;43;NULL;uaB;На даний час позичальник спроможний виплачувати відсотки і основну суму за борговими зобов'язаннями, але має вищу вірогідність дефолту за зобов'язаннями, ніж позичальник з рейтингом uaBB. Позичальник перебуває під впливом несприятливих змін у комерційних, фінансових та економічних умовах порівняно з позичальниками з вищими рейтингами, що може послабити його спроможність своєчасно і в повному обсязі виплачувати відсотки і основну суму за борговими зобов'язаннями
868;43;NULL;uaCCC;Існує вірогідність дефолту за борговими зобов'язаннями позичальника. Своєчасність і обсяг виплати відсотків та основної суми за борговими зобов'язаннями значною мірою залежать від комерційних, фінансових та економічних умов
869;43;NULL;uaCC;Існує висока вірогідність дефолту за борговими зобов'язаннями позичальника в комерційних, фінансових та економічних умовах
870;43;NULL;uaC;Найближчим часом очікується дефолт за борговими зобов'язаннями позичальника (зокрема у разі порушення справи про банкрутство, анулювання ліцензії на провадження основної діяльності, очікуваної ліквідації позичальника, винесення судового рішення про накладення стягнення на майно чи в іншому аналогічному випадку), але виплати за борговими зобов'язаннями на даний час не припинені
871;43;NULL;uaD;Виплати відсотків і основної суми за борговими зобов'язаннями припинені позичальником без досягнення згоди кредиторів щодо реструктуризації заборгованості до настання строку платежу
872;43;NULL;uaK1;Винятковий (найвищий) рівень спроможності позичальника своєчасно та в повному обсязі виплачувати відсотки і основну суму за борговими зобов'язаннями. Фінансовий стан позичальника дає змогу запобігти будь-яким ризикам, що можуть виникнути в короткостроковому періоді
873;43;NULL;uaK2;Дуже високий рівень спроможності позичальника своєчасно та в повному обсязі виплачувати відсотки і основну суму за борговими зобов'язаннями. Фінансовий стан позичальника дає змогу запобігти передбачуваним ризикам у короткостроковому періоді
874;43;NULL;uaK3;Достатня спроможність позичальника своєчасно та в повному обсязі виплачувати відсотки і основну суму за борговими зобов'язаннями. Фінансовий стан позичальника задовільний для того, щоб запобігти передбачуваним ризикам у короткостроковому періоді
875;43;NULL;uaK4;Сумнівна спроможність позичальника своєчасно та в повному обсязі виплачувати відсотки і основну суму за борговими зобов'язаннями. Фінансовий стан позичальника найвірогідніше є недостатньо високим, щоб запобігти передбачуваним ризикам у короткостроковому періоді
876;43;NULL;uaK5;Вірогідна неспроможність позичальника своєчасно та в повному обсязі виплачувати відсотки і основну суму за борговими зобов'язаннями. Фінансовий стан такого позичальника не дає змоги запобігти передбачуваним ризикам у короткостроковому періоді
877;43;NULL;uaKD;Позичальник оголосив дефолт за борговими зобов'язаннями
878;47;NULL;01;Фонди грошового ринку
879;47;NULL;02;Фонди державних цінних паперів
880;47;NULL;03;Фонди облігацій
881;47;NULL;04;Фонди акцій
882;47;NULL;05;Індексні фонди
883;47;NULL;06;Фонди банківських металів
884;47;NULL;07;Об'єднаний клас цінних паперів
885;47;NULL;08;Клас нерухомості
886;47;NULL;09;Клас рентних активів
887;47;NULL;10;Клас кредитних активів
888;47;NULL;11;Клас біржових товарних активів